1/1/2013,581.275024,582.286987,575.75,577.075012,443.405701,132824
1/2/2013,578.75,582.338013,575.713013,576.900024,443.271271,180652
1/3/2013,579.5,586.200012,577.599976,584.075012,448.784302,307276
1/4/2013,586.5,588.700012,583.299988,587.075012,451.089386,365556
1/7/2013,587,595,584.174988,593.674988,456.160583,313484
1/8/2013,591.25,592,580.549988,585.299988,449.725464,359372
1/9/2013,587.487,590.5,580.687988,582.049988,447.228302,194908
1/10/2013,582.5,585.5,577.25,580.088013,445.720856,422192
1/11/2013,626.974976,680,626.974976,678.150024,521.06842,6487952
1/14/2013,681.875,708.75,681.875,701.812012,539.249451,2852940
1/15/2013,701.75,702.5,693.612,697.487,535.926392,858964
1/16/2013,694.5,697.5,688.25,692.763,532.29657,384288
1/17/2013,695.775024,701.5,695,699.049988,537.127319,696668
1/18/2013,699.5,701.888,694.286987,697.450012,535.897949,283348
1/21/2013,691.25,702.5,691.25,699.5,537.473145,284212
1/22/2013,696.562012,699.487,694.299988,695.875,534.687744,191536
1/23/2013,694.150024,699.25,693.763,697.213013,535.715759,251308
1/24/2013,701.312012,706.625,697.5,699.275024,537.300232,580844
1/25/2013,701.25,705.75,698,703.661987,540.671021,248000
1/28/2013,701.775024,706.974976,700,702.513,539.788147,371496
1/29/2013,700.25,706,697.187988,699.599976,537.549866,219764
1/30/2013,699.525024,702.463013,695.5,698.125,536.416626,240092
1/31/2013,697.5,701.25,692.5,697.187988,535.696594,275572
2/1/2013,697.25,699.950012,687.924988,692.737,532.276672,276748
2/4/2013,694.25,696.125,686.625,690.588013,530.625427,207076
2/5/2013,687.549988,695,687.549988,689.513,529.799377,135528
2/6/2013,693.013,695,688.5,693.599976,532.939636,103796
2/7/2013,695.625,699.5,694.638,697.450012,535.897949,298764
2/8/2013,697.25,703.638,693.200012,697.075012,535.609741,321756
2/11/2013,700,703.25,696.174988,697.661987,536.06073,394268
2/12/2013,693.75,693.763,685.75,688.661987,529.145508,86520
2/13/2013,687.5,699.200012,685,697.325012,535.801819,242632
2/14/2013,697.786987,706.25,697.786987,703.237,540.344543,308460
2/15/2013,697,701.713013,692.536987,696.299988,535.014343,105332
2/18/2013,696.924988,696.924988,690.75,694.138,533.353027,58948
2/19/2013,694.5,706.25,691.299988,704.75,541.507019,146736
2/20/2013,705,707.5,701.987,704.963013,541.670654,201784
2/21/2013,698.75,704.911987,698.25,701.687988,539.154297,258348
2/22/2013,699.75,713.75,699.75,709.138,544.878601,595912
2/25/2013,716.263,731,715.588013,729.299988,560.370361,865332
2/26/2013,728.25,742.5,727.25,740.025024,568.611206,681940
2/27/2013,737.375,737.375,725.661987,728.450012,559.717407,269864
2/28/2013,728,733.75,721.5,726.5,558.218994,241256
3/1/2013,722.5,740,720.75,727.112,558.68927,202812
3/4/2013,729,735.25,718.299988,725.75,557.6427,389804
3/5/2013,729.5,734.75,728.150024,730.237,561.090393,225768
3/6/2013,735,743.575012,732.625,741.612,569.830566,483688
3/7/2013,745,752.5,744,751.187988,577.188416,701212
3/8/2013,747,747.5,739.375,742.549988,570.551331,232308
3/11/2013,745,747.25,732.625,736.437988,565.855103,162112
3/12/2013,733.5,736.187988,728.25,729.400024,560.447327,206728
3/13/2013,724.75,724.75,713.724976,715.612,549.853088,186492
3/14/2013,718.25,722.5,710.775024,718.724976,552.244934,275308
3/15/2013,717.349976,727.687988,717.349976,720.924988,553.935303,265144
3/18/2013,718.5,722.5,713.25,715.349976,549.651672,110824
3/19/2013,717.5,721.674988,710.75,714.112,548.700439,139180
3/20/2013,715,718.75,707.25,717.312012,551.159241,118660
3/21/2013,720.825012,723.224976,716,719.125,552.552246,251504
3/22/2013,712.5,718.5,707.513,715.150024,549.498047,201468
3/25/2013,703.75,716.224976,703.75,713.349976,548.114929,264928
3/26/2013,710.5,717,708.263,713.575012,548.287903,99432
3/28/2013,713.575012,727.25,713.575012,722.474976,555.126282,471988
4/1/2013,722.474976,738.400024,722.474976,735.812012,565.374023,321428
4/2/2013,733.25,746.724976,729.763,742.536987,570.541321,256176
4/3/2013,736.25,748.75,736.25,741,569.360352,154408
4/4/2013,737.5,738.75,718.437988,720.713013,553.772522,199232
4/5/2013,718.25,724.338013,712.75,715.963013,550.12262,148068
4/8/2013,712.75,717.650024,707.25,708.286987,544.224792,109000
4/9/2013,709.974976,709.974976,688.888,691.588013,531.393799,221312
4/10/2013,700.075012,706.75,694.5,703.312012,540.402039,337336
4/11/2013,715.25,733.325012,708.763,729.463013,560.495667,598560
4/12/2013,656.525024,656.525024,567,573.862,440.936981,7721828
4/15/2013,572.5,588.737,551.5,583.487,448.332397,3940504
4/16/2013,581,581.224976,571.849976,573.487,440.648773,870240
4/17/2013,577.5,577.786987,562.525024,570.463013,438.325287,1128604
4/18/2013,569.75,580.5,569.75,573.849976,440.927643,802732
4/22/2013,573.849976,575,556,561.112,431.140228,1214680
4/23/2013,561.75,568,561.25,565.525024,434.531097,449804
4/25/2013,565.525024,565.525024,555.5,556.763,427.798615,1716060
4/26/2013,556.213013,559.700012,550.375,553.075012,424.964844,909268
4/29/2013,552.25,562.25,547.5,557.263,428.1828,1465480
4/30/2013,559.724976,560.75,555.650024,558.612,429.219299,439368
5/2/2013,558.612,572.5,558.612,571.724976,439.294952,434956
5/3/2013,574.25,580.474976,570.161987,576.950012,443.309662,569440
5/6/2013,578.75,586.25,578.75,585.349976,449.763977,234136
5/7/2013,587.5,588.75,581.25,587.150024,451.147003,575168
5/8/2013,591,593.5,584.575012,587.638,451.521881,367240
5/9/2013,586.5,592.224976,586.5,589.974976,453.317596,179816
5/10/2013,591,596.25,589.5,592.687988,455.402191,197640
5/13/2013,587.812012,590,582.875,585.088013,449.562622,264040
5/14/2013,585,592.450012,585,587.900024,451.723297,122288
5/15/2013,587.5,592.75,586.650024,590.049988,453.375244,219592
5/16/2013,590,590.088013,578.838013,583.036987,447.986694,254144
5/17/2013,583.75,592.237,583.75,587.700012,451.569611,217272
5/20/2013,584.062012,595.549988,584.062012,593.900024,456.333466,358460
5/21/2013,593.474976,603.700012,591.575012,599.362,460.530243,301564
5/22/2013,598.775024,607.937988,594.612,597.088013,458.78302,334536
5/23/2013,593.5,604.5,588.75,589.724976,453.125549,214344
5/24/2013,590,595.450012,583.763,586.724976,450.820465,122024
5/27/2013,586.362,595,582.700012,591.588013,454.557037,205524
5/28/2013,591.5,594.75,588.875,591.588013,454.557037,126996
5/29/2013,591.5,597.638,583.437988,587.625,451.511963,165912
5/30/2013,584.25,587.125,578.937988,585.536987,471.575409,416676
5/31/2013,587.5,605,587.049988,601.900024,484.753754,357832
6/3/2013,631.200012,656.224976,619.088013,628.487,506.166168,1960940
6/4/2013,622.424988,629.724976,616,623.763,502.361572,513240
6/5/2013,620,622.588013,613.474976,615.525024,495.726959,241460
6/6/2013,612.775024,613.062012,603.75,606.875,488.760376,242792
6/7/2013,607,618.474976,605,611.724976,492.666473,233776
6/10/2013,615.450012,624.463013,615,621.763,500.750854,178600
6/11/2013,622.5,628.5,616.263,618.487,498.112366,245420
6/12/2013,616.224976,626.25,603.275024,605.987,488.045349,235480
6/13/2013,605.25,606.612,593.799988,594.775024,479.015472,175200
6/14/2013,595.312012,602.25,594.013,598.737,482.206329,193396
6/17/2013,601.75,606.737,598.775024,605.362,487.54187,122308
6/18/2013,607.5,615,606.650024,611.900024,492.807526,149052
6/19/2013,611.25,612,601.838013,609.5,490.874634,178756
6/20/2013,605.187988,611.862,585.75,591.724976,476.559052,279296
6/21/2013,592.5,607.5,592.5,604.786987,487.078766,236500
6/24/2013,602,602.5,588,595.062012,479.246582,223488
6/25/2013,594.5,596.5,586.638,594.5,478.793915,360220
6/26/2013,597.5,603,593.036987,599.388,482.730591,134756
6/27/2013,603,624.062012,603,619.237,498.716492,378548
6/28/2013,622,625,606.5,623.312012,501.998322,316764
7/1/2013,615,620,610.075012,611.888,492.797729,132772
7/2/2013,610.25,616,600.525024,601.388,484.34137,165604
7/3/2013,599.75,612.75,598.213013,601.325012,484.290649,205232
7/4/2013,605,617.474976,605,615.125,495.404724,419440
7/5/2013,617.450012,620.25,609.575012,613.612,494.186218,235720
7/8/2013,618.763,624.349976,615.062012,617.924988,497.659698,176596
7/9/2013,619.25,628,619.25,623.924988,502.492096,453044
7/10/2013,626.25,630,623.562012,625.25,503.559174,312844
7/11/2013,632.575012,640.862,626.575012,631.687988,508.744141,483908
7/12/2013,694.849976,726.25,687.25,700.687988,564.31488,3380104
7/15/2013,697.825012,697.825012,682.263,685.463013,552.053101,661844
7/16/2013,675.025024,692.237,672.5,682.612,549.756897,252124
7/17/2013,682.612,688.724976,682.612,687.575012,553.754028,286636
7/18/2013,687.5,704.411987,685,699.875,563.660034,549640
7/19/2013,701.25,715.974976,694.25,711.450012,572.982239,773648
7/22/2013,707.099976,724,706.25,718.911987,578.991882,444868
7/23/2013,720.25,728.862,720.25,725.213013,584.066589,298224
7/24/2013,721.924988,731.25,720,726.900024,585.425354,244736
7/25/2013,725,736.275024,725,728.974976,587.096313,372004
7/26/2013,732.5,737.5,722.025024,728.875,587.01593,326432
7/29/2013,725.5,735.724976,725.5,730.187988,588.073425,284204
7/30/2013,732.5,742.5,732.5,738.924988,595.109802,308936
7/31/2013,740.25,747.450012,732.450012,741.786987,597.414856,232468
8/1/2013,744.25,748.25,739.036987,743.924988,599.13678,419996
8/2/2013,745.25,754.987,745.25,751.674988,605.378357,624412
8/5/2013,750,756.25,749.25,751.862,605.529053,638320
8/6/2013,752.125,752.25,738,746.525024,601.230713,330744
8/7/2013,745,750,736.799988,738.862,595.059265,490200
8/8/2013,734.75,743.950012,734,740.275024,596.197205,259364
8/12/2013,740.275024,754.299988,740.275024,751.312012,605.08606,360352
8/13/2013,751.25,774.599976,751,771.224976,621.123413,523024
8/14/2013,765,773.375,760.299988,767.450012,618.083191,168812
8/16/2013,767.450012,767.450012,741.513,743.650024,598.915283,173120
8/19/2013,743.812012,756.25,738,751.362,605.126343,280856
8/20/2013,752.25,754.5,746.812012,751.775024,605.458923,208196
8/21/2013,751.099976,751.099976,730.75,738.338013,594.637146,185036
8/22/2013,744.062012,758.963013,741.075012,755.825012,608.720642,279860
8/23/2013,753.25,754.487,745.650024,749.625,603.727295,112024
8/26/2013,753.75,761.638,752,757.638,610.180908,223964
8/27/2013,757.5,769.849976,757.5,764.525024,615.727539,275300
8/28/2013,761.75,782.224976,761.75,780.075012,628.250977,590744
8/29/2013,763.75,781.25,763.75,777.25,625.97583,470276
8/30/2013,772.75,780.900024,759.75,775.075012,624.22406,309488
9/2/2013,766.5,781,766.5,769.338013,619.603638,242848
9/3/2013,768.5,773.25,755,758.463013,610.845276,166228
9/4/2013,762.5,784.875,762.5,776.474976,625.351563,396776
9/5/2013,770.388,772.5,749.25,750.674988,604.573059,225648
9/6/2013,750,767.036987,750,755.213013,608.227783,428400
9/10/2013,755.213013,792.5,755.213013,787.674988,634.371765,906248
9/11/2013,787.5,793.174988,777,780.138,628.301758,339424
9/12/2013,777.5,779.937988,761.5,766.025024,616.935486,188320
9/13/2013,763.75,765.025024,753.25,757.062012,609.716919,217332
9/16/2013,757,762.25,745,748.075012,602.479065,176152
9/17/2013,753.75,757.263,748,755.838013,608.73114,142596
9/18/2013,755.25,756.75,750.25,753.924988,607.19043,343008
9/19/2013,752.5,759.5,750,754.862,607.945068,488320
9/20/2013,752.25,757.75,746.275024,748.888,603.133789,181116
9/23/2013,748.888,760.5,748.888,754.661987,607.784058,298424
9/24/2013,754.5,757.5,749.5,753.700012,607.009216,252624
9/25/2013,757,758.75,748.724976,751.950012,605.599854,98704
9/26/2013,755.75,758.713013,750.612,753.338013,606.717712,589836
9/27/2013,753.75,762.713013,747.799988,751.599976,605.317871,145844
9/30/2013,752.75,763.525024,750.525024,753.862,607.139771,125472
10/1/2013,755.5,759.437988,748.5,753.674988,606.989075,150552
10/3/2013,753.674988,762.125,753.674988,759.700012,611.841553,823328
10/4/2013,758.75,758.75,751.375,753.862,607.139771,264784
10/7/2013,754,761.112,752.25,754.888,607.966003,543212
10/8/2013,761.25,762.5,755.875,758.099976,610.552856,647628
10/9/2013,759,781.786987,752.5,776.888,625.684204,903308
10/10/2013,782.5,788.75,773.049988,781.036987,629.025757,925656
10/11/2013,830,840,789.411987,818.474976,659.177246,3241364
10/14/2013,813.75,833.536987,813.75,830.875,669.163879,820260
10/15/2013,830.25,839.25,828,837.075012,674.157227,462524
10/17/2013,837.075012,838,814.825012,817.525024,674.528564,300820
10/18/2013,817.5,830.375,815.161987,829.036987,684.026855,244260
10/21/2013,831.25,842.786987,817.088013,833.987,688.111084,238332
10/22/2013,835,840.75,831.349976,833.687988,687.86438,284528
10/23/2013,828.75,832.411987,819.5,831.036987,685.677063,166784
10/24/2013,827.349976,843,823.025024,827.463013,682.728271,247060
10/25/2013,828.75,837,826,832.75,687.090393,277948
10/28/2013,830,833.400024,824.25,830.963013,685.616028,129196
10/29/2013,830,840.487,826.161987,833.724976,687.894836,388816
10/30/2013,828.75,834.013,827.25,831,685.646484,94460
10/31/2013,825.5,831.588013,822.775024,827.161987,682.479797,186728
11/1/2013,826.224976,828.013,817.900024,819.687988,676.31311,127548
11/5/2013,819.687988,822.5,808.5,816.237,673.465759,128504
11/6/2013,818.75,827.638,818.75,826.474976,681.912964,85184
11/7/2013,830.25,849.799988,829,839.786987,692.896545,325540
11/8/2013,835,847.25,835,839.375,692.55658,207396
11/11/2013,837.25,848.775024,836.974976,840.775024,693.71167,342704
11/12/2013,838.812012,843.487,832.575012,834.838013,688.81311,317900
11/13/2013,830,839.724976,830,833.474976,687.688538,186948
11/14/2013,838.25,843.612,837.5,838.450012,691.793457,146152
11/18/2013,838.450012,852.5,838.450012,850.075012,701.385071,274752
11/19/2013,850.25,861.974976,849.786987,860.900024,710.31665,289100
11/20/2013,855,860,848.75,850.599976,701.818176,117144
11/21/2013,850.5,850.5,829.013,836.838013,690.463501,184032
11/22/2013,831.275024,843.125,831.275024,837.325012,690.865173,116696
11/25/2013,837.25,844.786987,827.375,831.900024,686.389038,479208
11/26/2013,828.75,837.112,823.312012,829.737,684.60437,318276
11/27/2013,830,833.25,822.5,823.911987,679.79834,72456
11/28/2013,824.25,833.237,812.75,830.987,685.635803,2965260
11/29/2013,827.5,841.5,827.5,838.375,691.731567,180508
12/2/2013,838.5,843.474976,832.099976,834.612,688.626648,218428
12/3/2013,831,839.849976,831,837.112,690.689392,345808
12/4/2013,837.25,846.575012,834.700012,841.25,694.103638,265668
12/5/2013,843.825012,849.161987,836.187988,837.786987,691.246277,183736
12/6/2013,837.5,837.5,830,831.650024,686.182861,574276
12/9/2013,837.5,846,830.625,834.362,688.420471,116624
12/10/2013,827.5,847.411987,827.5,842.575012,695.19696,313980
12/11/2013,840.25,844.75,835.5,842.849976,695.423767,341968
12/12/2013,842.5,846.286987,837.5,840.849976,693.77356,118948
12/13/2013,838,845,836.25,843.463013,695.929565,239632
12/16/2013,842.5,865,838.650024,862.463013,711.606201,508996
12/17/2013,861.088013,870.799988,861.088013,864.112,712.966797,424304
12/18/2013,862.625,867.5,862,864.450012,713.245544,283924
12/19/2013,864.75,885,863.950012,878.612,724.930542,333724
12/20/2013,877.25,892.474976,877.25,888.075012,732.738342,268104
12/23/2013,875.5,884.549988,865.75,867.161987,715.483276,301296
12/24/2013,871,875.5,866.349976,871.588013,719.135071,281452
12/26/2013,871.588013,882.5,870.525024,878.888,725.158142,218712
12/27/2013,882.75,892.5,881.338013,890.562012,734.790283,342020
12/30/2013,889,893.75,869.299988,875.411987,722.290222,306188
12/31/2013,876.25,879.950012,870,871.375,718.95929,171888
1/1/2014,872.75,874.25,865.349976,866.599976,715.019531,94352
1/2/2014,866.599976,876.849976,866.237,868.687988,716.742249,146676
1/3/2014,867.75,893.013,864,891.362,735.450317,319156
1/6/2014,895,895.25,867.5,878.549988,724.879395,294048
1/7/2014,877.5,880.562012,861.75,864.349976,713.163147,160504
1/8/2014,866.5,868.5,855.213013,857.125,707.201904,167724
1/9/2014,858.900024,870.487,854.325012,862.763,711.853699,364396
1/10/2014,873.5,893.799988,862.25,887.224976,732.036865,1979980
1/13/2014,893,918.599976,893,916.424988,756.129395,803136
1/14/2014,909,924.325012,909,922.213013,760.905151,235996
1/15/2014,921.275024,930.775024,919.5,927.638,765.381165,549772
1/16/2014,926,934.25,923.75,931.174988,768.2995,648156
1/17/2014,931.25,939.974976,930.775024,932.013,768.990967,552640
1/20/2014,928,940,926,937.474976,773.497498,735148
1/21/2014,936.25,942.625,930,938.911987,774.683289,273424
1/22/2014,933.75,943.75,933.75,941.775024,777.04541,145672
1/23/2014,942.5,949.75,939.674988,948.200012,782.346558,244752
1/24/2014,942.263,949.5,938.612,939.763,775.385315,140800
1/27/2014,929.5,942.5,929.5,933.150024,769.929016,114452
1/28/2014,929.536987,929.536987,917.75,919.25,758.460266,74360
1/29/2014,917.474976,935.974976,914.150024,929.411987,766.84491,189132
1/30/2014,924.062012,929.25,915.75,926.187988,764.184875,120980
1/31/2014,926,934.200012,903.25,924.862,763.090698,141476
2/3/2014,921.25,923.125,905.875,907.174988,748.497498,158012
2/4/2014,897.025024,897.5,887.5,891.661987,735.697815,108116
2/5/2014,894.025024,897,885.150024,895.388,738.772156,120768
2/6/2014,891.638,895.974976,885.187988,890.862,735.03772,348904
2/7/2014,895,900.849976,887.013,891.674988,735.708557,690556
2/10/2014,892.575012,896.036987,888.888,892.125,736.079834,240000
2/11/2014,892.25,905.5,892.25,898.950012,741.711243,247476
2/12/2014,901.5,906.224976,898,899.900024,742.494873,436996
2/13/2014,900,904.700012,895.25,896.612,739.782166,99884
2/14/2014,899,913.75,899,911.400024,751.983459,126140
2/17/2014,917.562012,919.25,912.5,915.562012,755.417419,87212
2/18/2014,913,922.625,912.775024,920,759.079163,747276
2/19/2014,922.25,940.763,922.25,938.487,774.332458,252152
2/20/2014,937.5,937.5,926.375,928.424988,766.030579,80256
2/21/2014,932,938.75,932,937.924988,773.868713,62764
2/24/2014,936.25,938.75,932.5,937.687988,773.673279,80124
2/25/2014,937.875,947.5,937.875,945.674988,780.263306,419704
2/26/2014,944.875,952.25,943,950.963013,784.626343,115036
2/28/2014,950.963013,958.025024,944.75,955.049988,787.998413,103424
3/3/2014,955.75,961.799988,945.025024,948.263,782.398682,103784
3/4/2014,941,955.25,940.924988,949.974976,783.811096,184732
3/5/2014,955.25,960,952.362,953.825012,786.987793,110008
3/6/2014,958,961.588013,954.174988,958.924988,791.195679,70964
3/7/2014,956.25,957.724976,926.25,935.237,771.651001,424508
3/10/2014,931.536987,931.650024,911.275024,918.187988,757.584106,183156
3/11/2014,916.75,926.737,907.5,918.187988,757.584106,142324
3/12/2014,920,924.599976,912.974976,917.724976,757.202026,83540
3/13/2014,857.549988,862.25,835,839.375,692.55658,1864884
3/14/2014,839.375,850.25,835.338013,847.362,699.146545,288744
3/18/2014,847.362,853.200012,835.5,837.312012,690.854492,208036
3/19/2014,840,841.625,810.036987,817.888,674.827942,594080
3/20/2014,818.75,837.25,818,825.75,681.314697,337456
3/21/2014,832.5,834.25,817.638,826.312012,681.778564,341536
3/22/2014,null,null,null,null,null,null
3/24/2014,820,829.237,817.5,818.513,675.343628,187364
3/25/2014,814.25,819.875,811.25,812.900024,670.712402,143996
3/26/2014,816.237,817.875,808,811.161987,669.278442,177484
3/27/2014,811.5,815.5,804.25,807.125,665.947571,140864
3/28/2014,808.062012,817.5,807.75,814.437988,671.981384,184868
3/31/2014,818.75,826.049988,807.562012,819.713013,676.33374,421088
4/1/2014,821.25,830.713013,819.775024,827.650024,682.882446,171320
4/2/2014,836,837.138,825,830.049988,684.862671,145024
4/3/2014,833,836.25,830,834.650024,688.657959,107676
4/4/2014,835.75,838.687988,825.75,828.875,683.89325,117436
4/7/2014,827.5,830,799,822.812012,678.890808,94340
4/9/2014,822.812012,825,807.75,813.275024,671.021851,394904
4/10/2014,816,816,796.650024,801.650024,661.430176,212216
4/11/2014,797.562012,814,791.25,808.963013,667.464111,423984
4/15/2014,808.963013,842.950012,808.963013,815.112,672.537537,2013628
4/16/2014,814.25,814.25,787.5,789.099976,651.075378,471816
4/17/2014,793.75,801.987,789.5,797.474976,657.985474,226172
4/21/2014,797.474976,804.25,792.5,795.312012,656.200928,138084
4/22/2014,794.849976,800,785.75,787.474976,649.73468,177156
4/23/2014,791.325012,797.5,791.25,793.187988,654.448364,147448
4/24/2014,793.187988,793.187988,793.187988,793.187988,654.448364,0
4/25/2014,795,798.599976,791.174988,793.562012,654.756958,112448
4/28/2014,793.174988,798.25,793.174988,794.536987,655.561401,102652
4/29/2014,793.125,798.763,793.125,794.650024,655.654663,106120
4/30/2014,795.687988,797.75,792.299988,794.299988,655.365906,1013936
5/2/2014,794.299988,811.062012,794.299988,804.950012,664.153076,115220
5/5/2014,797.5,807.862,792.775024,794.036987,655.148804,103396
5/6/2014,793.875,795.525024,788.5,791.036987,652.673462,89788
5/7/2014,787.75,791.25,762.911987,766.112,632.108337,414020
5/8/2014,767.5,772,761.625,765.737,631.798889,201640
5/9/2014,765.737,780,763.838013,776.349976,640.555603,166372
5/12/2014,780,797.513,776.224976,794.474976,655.510193,407136
5/13/2014,795.013,821.25,795.013,816.375,673.57959,297476
5/14/2014,808.75,815.325012,804.5,811.724976,669.74292,135008
5/15/2014,811.312012,821.25,802.974976,817.599976,674.590393,175832
5/16/2014,818.75,834.349976,765.286987,794.463013,655.500366,489768
5/19/2014,800.25,800.25,751.25,755.687988,623.507629,904960
5/20/2014,763.275024,783.25,759.838013,779.763,643.371582,237744
5/21/2014,779.25,789.474976,774.325012,787.661987,649.888977,135940
5/22/2014,788.875,793.411987,770.763,776.799988,640.926758,204148
5/23/2014,780.5,791.799988,752.5,766.625,632.531555,297644
5/26/2014,771.25,777.200012,763.549988,773.463013,638.173584,189752
5/27/2014,775,789.5,775,783.474976,646.434204,185964
5/28/2014,782.5,797,780.862,793.049988,654.334412,128104
5/29/2014,760,760,728.75,731.075012,637.780884,1617620
5/30/2014,736.25,738.75,723.5,735.375,641.532227,3969168
6/2/2014,737.5,750,737.5,748.375,652.87323,390460
6/3/2014,750.562012,759.025024,743.911987,753.849976,657.649536,252420
6/4/2014,752.5,756.025024,739.525024,748.424988,652.91687,301104
6/5/2014,748.312012,765.799988,741.75,759.487,662.5672,352540
6/6/2014,752.25,753.150024,739.036987,749.950012,654.247253,601856
6/9/2014,752.525024,753.75,744.5,746.424988,651.172119,302928
6/10/2014,749.75,770.213013,749.75,766.799988,668.94696,301572
6/11/2014,774.75,813.75,774.75,794.687988,693.276062,983216
6/12/2014,819,824.5,780.161987,791.650024,690.625854,1093716
6/13/2014,796.5,801.25,783.036987,795.411987,693.907715,386652
6/16/2014,798,814.5,795.25,810.549988,707.113892,337036
6/17/2014,813.75,816.25,804.724976,811.812012,708.214966,185300
6/18/2014,814.75,818.5,803.900024,811.138,707.626892,308536
6/19/2014,812,830.625,811.5,828.099976,722.424377,347756
6/20/2014,830,833.75,825.562012,828.900024,723.122314,214776
6/23/2014,828,828,805.5,807.763,704.682617,187612
6/24/2014,808,808.599976,798.575012,802.575012,700.156677,351468
6/25/2014,810.525024,810.525024,801.724976,803.200012,700.701904,371620
6/26/2014,802.75,807.5,794.763,797.349976,695.59845,320620
6/27/2014,796.5,808.25,795,805.487,702.697021,203820
6/30/2014,803.875,814.75,803.200012,811.612,708.040344,164500
7/1/2014,811.5,813.737,802.5,805.437988,702.654236,162876
7/2/2014,805.025024,811.25,800.25,804.625,701.945068,118236
7/3/2014,803.700012,807.5,801.5,802.687988,700.255188,184084
7/4/2014,802,812.200012,801.25,809.786987,706.448303,134684
7/7/2014,813.888,839.75,813.888,835.937988,729.262085,392804
7/8/2014,836.25,851.025024,826.275024,833.450012,727.091614,353592
7/9/2014,835.25,845.5,822.612,826.075012,720.657776,192084
7/10/2014,827.5,844.25,813.75,823.224976,718.171387,378928
7/11/2014,852.5,857.338013,826.25,831.450012,725.346863,789736
7/14/2014,832.5,832.5,797.049988,806.75,703.798828,318640
7/15/2014,812.5,814.737,804.5,806.362,703.460388,205196
7/16/2014,807.5,811.5,801.900024,807.349976,704.322205,209140
7/17/2014,807.75,835.713013,807.75,810.825012,707.353882,173092
7/18/2014,810,818.25,810,813.299988,709.513,109944
7/21/2014,812.5,818.75,798.213013,801.612,699.316528,186264
7/22/2014,801.5,812.5,800.062012,808.775024,705.565491,169128
7/23/2014,811.25,838,811.25,836.75,729.97052,270236
7/24/2014,837,846.713013,830.5,844.562012,736.785583,171532
7/25/2014,845.5,847.5,826.5,838.088013,731.137695,155804
7/28/2014,837.5,846.5,831.25,841.599976,734.201477,94140
7/30/2014,841.599976,848.150024,837.5,842.013,734.56189,197712
7/31/2014,842.375,848.161987,836.463013,841.424988,734.048889,104884
8/1/2014,840,847.5,833,835.088013,728.520569,145968
8/4/2014,837.75,870.5,837.75,865.650024,755.182556,504320
8/5/2014,866.25,878.75,866.25,876.062012,764.265808,266556
8/6/2014,880.075012,901.125,880,893.674988,779.631165,508920
8/7/2014,875,885.5,875,878.638,766.513123,288576
8/8/2014,873.763,880,868.888,870.088013,759.054199,143068
8/11/2014,876.875,895.75,876.875,893.312012,779.314514,115536
8/12/2014,897.75,898.75,886.25,894.099976,780.001953,103852
8/13/2014,891.75,904.5,889,899.775024,784.95282,180052
8/14/2014,900,905.625,897.150024,900.937988,785.967285,101308
8/18/2014,900.937988,902.25,887.5,889.612,776.08667,99624
8/19/2014,888.75,896.700012,882.5,887.775024,774.484131,118960
8/20/2014,887.812012,895.937988,886.638,888.125,774.78949,66780
8/21/2014,887.525024,890.25,882.75,885.737,772.706238,90296
8/22/2014,887,901.737,886.825012,900.312012,785.421204,690388
8/25/2014,901.25,907.5,890.312012,905.375,789.838135,115024
8/26/2014,906.75,909.25,899.625,905.150024,789.641907,122688
8/27/2014,906.25,912.187988,900.5,908.187988,792.292114,121192
8/28/2014,908.75,908.75,892,898.5,783.840393,77576
9/1/2014,898.5,903.862,896.286987,900.849976,785.890503,68132
9/2/2014,899,905.75,889.125,902.888,787.668518,355168
9/3/2014,900,935,900,933.650024,814.504944,424456
9/4/2014,932.5,932.5,923.838013,927.013,808.714844,106572
9/5/2014,930.5,948.237,927.5,932.575012,813.567139,201580
9/8/2014,935,948,932.5,944.588013,824.047119,94592
9/9/2014,937.5,938.849976,930.362,934.200012,814.984741,170584
9/10/2014,929.974976,929.974976,915.862,917.025024,800.001404,195692
9/11/2014,918.75,924.900024,908.312012,920.911987,803.392395,93348
9/12/2014,922.5,927.463013,913.411987,918.088013,800.928833,107072
9/15/2014,917.5,918.625,907.5,910.737,794.515808,298508
9/16/2014,917.5,921.799988,906.700012,914.138,797.482849,333236
9/17/2014,918.799988,936.474976,918,935.099976,815.769775,160956
9/18/2014,921,932.5,914.275024,924.974976,806.936829,265392
9/19/2014,925,942.338013,920.275024,925.362,807.274475,528376
9/22/2014,921.25,923.424988,908.25,912.737,796.260681,175856
9/23/2014,913.75,921.25,898.525024,903.200012,787.940735,622832
9/24/2014,903.75,917.911987,900.625,912.349976,795.922974,229504
9/25/2014,915,926.25,911.525024,923.411987,805.573364,259424
9/26/2014,922,929.724976,914.900024,920.299988,802.858582,295184
9/29/2014,922.5,941,921,937.775024,818.103516,150576
9/30/2014,937.5,939.474976,926,936.911987,817.350586,347108
10/1/2014,937.5,964.974976,935.237,961.799988,839.062622,284992
10/7/2014,961.799988,973.013,942.474976,957.575012,835.37677,657232
10/8/2014,943.5,950,910.812012,912.549988,796.097595,656216
10/9/2014,925,928.474976,907.5,911.388,795.083801,809856
10/10/2014,921.25,977.150024,900,972.237,848.167725,2588120
10/13/2014,974.5,996.5,972.5,985.862,860.053955,694260
10/14/2014,990.375,992.474976,975.286987,979.661987,854.645203,297672
10/15/2014,979.661987,979.661987,979.661987,979.661987,854.645203,0
10/16/2014,977.25,984.237,963.75,966.400024,869.708496,241512
10/17/2014,966.5,980,959.974976,963.463013,867.065369,199420
10/20/2014,967,972,950.875,953,857.649292,202432
10/21/2014,962.5,962.5,929.5,943.549988,849.144653,284424
10/22/2014,950.275024,952.687988,945,948.674988,853.756897,130408
10/27/2014,950,959.5,946.437988,950.763,855.635986,168312
10/28/2014,937.775024,953.375,937.775024,948.513,853.611084,104416
10/29/2014,951.013,973.5,951.013,969.812012,872.779175,111992
10/30/2014,972.5,994.763,972.5,986.536987,887.83075,287608
10/31/2014,993.263,1017.5,993.263,1012.859985,911.519958,335352
11/3/2014,1018.75,1027.109985,1008.700012,1021.119995,918.953613,250892
11/5/2014,1021.119995,1038.589966,1014.340027,1031.5,928.295044,293052
11/7/2014,1031.5,1045.859985,1029.069946,1042.180054,937.906494,247364
11/10/2014,1042.25,1045.339966,1035.550049,1042.550049,938.23938,122276
11/11/2014,1041.380005,1041.380005,1027.209961,1031.140015,927.970947,130072
11/12/2014,1030.280029,1037.5,1025.25,1027.109985,924.344238,113176
11/13/2014,1027.75,1050,1027.75,1045.280029,940.696289,165412
11/14/2014,1047.76001,1052.359985,1044.040039,1047.089966,942.325134,177396
11/17/2014,1045,1056.25,1037.339966,1052.199951,946.923828,196544
11/18/2014,1055,1056.25,1042.550049,1044.219971,939.742371,115708
11/19/2014,1045.5,1049,1035.469971,1044.939941,940.390198,121372
11/20/2014,1045.5,1058.099976,1045.5,1055.430054,949.830811,140084
11/21/2014,1050.25,1050.25,1031.959961,1036.530029,932.821716,219188
11/24/2014,1050,1070,1046.5,1068.469971,961.56604,418664
11/25/2014,1074.430054,1079.939941,1062.25,1075.790039,968.153625,334776
11/26/2014,1076.25,1077.75,1068.75,1074.410034,966.911743,247220
11/27/2014,1079.5,1094.25,1077.73999,1091.719971,982.489746,506696
11/28/2014,1094.25,1099.75,1086.25,1089.810059,980.770935,529984
12/1/2014,1097,1100.25,1073.030029,1087.689941,978.862976,958968
12/2/2014,1082.5,1082.5,1058,1063.969971,957.516174,590992
12/3/2014,1051.900024,1065.969971,1042.400024,1061.300049,955.113525,222410
12/4/2014,1062.5,1072.280029,1049.5,1051.150024,945.979004,196928
12/5/2014,1053.599976,1057,1030.030029,1034.849976,931.309814,271142
12/8/2014,1006,1008.5,979.25,984.299988,885.817444,4432222
12/9/2014,992.5,993,976.275024,982.400024,884.107666,339016
12/10/2014,982.5,992.400024,980.25,981.849976,883.61261,622084
12/11/2014,980,980,957.974976,960.400024,864.308838,729224
12/12/2014,966.125,980,959.5,969.575012,872.565796,350144
12/15/2014,954.700012,978.224976,953,962.150024,865.883728,340914
12/16/2014,962.5,976,962.5,968.825012,871.890808,317442
12/17/2014,960.5,978,949,970.224976,873.150696,407692
12/18/2014,974.275024,990,973,983.150024,884.782715,317502
12/19/2014,995.099976,1003.549988,992.875,1000.950012,900.801636,2303368
12/22/2014,1001.119995,1004.280029,987.575012,998.5,898.596863,1010026
12/23/2014,1000,1010.5,982.150024,985.549988,886.942444,136672
12/24/2014,985.849976,992.5,958.875,967.025024,870.270935,294496
12/26/2014,967.025024,979.474976,966,975.174988,877.60553,107676
12/29/2014,976.049988,986,976.049988,979.900024,881.857849,203960
12/30/2014,982.5,987,978.625,983.200012,884.827637,88802
12/31/2014,979.5,989.5,975.5,985.599976,886.987427,1884440
1/1/2015,983.900024,990.599976,978.724976,987.900024,889.057373,76062
1/2/2015,987.5,1009.799988,986.950012,1006.719971,905.994324,122022
1/5/2015,1007.349976,1014.830017,988.825012,998.299988,898.416809,164748
1/6/2015,992.450012,994,967.5,978.424988,880.530273,443172
1/7/2015,978.549988,987.650024,975,982.400024,884.107666,1549476
1/8/2015,991.25,998.424988,975.5,987.275024,888.494934,1575728
1/9/2015,992.5,1054,957.049988,1036.800049,933.064758,2257734
1/12/2015,1047.530029,1059.5,1038.119995,1057.380005,951.585632,443130
1/13/2015,1057.199951,1057.199951,1037.569946,1043.619995,939.202393,186430
1/14/2015,1047.5,1067.5,1046.449951,1064.400024,957.903198,306520
1/15/2015,1072,1076.449951,1057.25,1066.969971,960.216064,239026
1/16/2015,1070.099976,1073.680054,1055,1057.069946,951.306641,136228
1/19/2015,1059,1065.5,1047.900024,1051.199951,946.023987,121790
1/20/2015,1051.199951,1066.449951,1050.219971,1061.180054,955.005554,137916
1/21/2015,1063.099976,1085,1058.650024,1082.550049,974.237366,721600
1/22/2015,1084.5,1101,1080.900024,1097.849976,988.00647,168540
1/23/2015,1100,1111,1083.380005,1107.030029,996.268005,211824
1/27/2015,1107.030029,1108,1065.5,1068,961.143066,225478
1/28/2015,1073.280029,1077.25,1066.5,1072.550049,965.237854,168026
1/29/2015,1067.599976,1074.680054,1064.119995,1071.449951,964.247803,316010
1/30/2015,1076,1081.800049,1063.199951,1071.380005,964.184814,483706
2/2/2015,1070,1075.599976,1063.819946,1067.180054,960.405151,128966
2/3/2015,1070,1070,1051.530029,1060.180054,954.10553,147142
2/4/2015,1064,1074.75,1064,1071.030029,963.869812,109072
2/5/2015,1072,1110,1072,1096.800049,987.061584,358546
2/6/2015,1096.5,1123.380005,1096.199951,1114.680054,1003.152771,242986
2/9/2015,1114.680054,1127.5,1103.199951,1125.099976,1012.530029,321814
2/10/2015,1122.449951,1148.699951,1112.5,1140.150024,1026.074219,283312
2/11/2015,1137.5,1147.5,1129.119995,1143.599976,1029.178955,121126
2/12/2015,1140,1161.430054,1137.5,1157.719971,1041.88623,159532
2/13/2015,1155.5,1162.449951,1143.469971,1148.199951,1033.318604,219462
2/16/2015,1140.5,1152.930054,1133,1139.25,1025.264282,171082
2/18/2015,1139.25,1152.5,1130.550049,1147.880005,1033.030884,139768
2/19/2015,1152,1166.949951,1146,1163.300049,1046.908203,171670
2/20/2015,1162,1167.599976,1138.5,1142.150024,1027.874146,159434
2/23/2015,1151.969971,1155.5,1126.619995,1135.349976,1021.754456,151902
2/24/2015,1138.030029,1147.5,1129,1139.069946,1025.102417,104502
2/25/2015,1145,1166,1139.180054,1159.030029,1043.065186,323990
2/26/2015,1157.449951,1157.449951,1125,1129.75,1016.714661,139690
2/27/2015,1133.619995,1140.430054,1129,1133.180054,1019.801575,101442
2/28/2015,null,null,null,null,null,null
3/2/2015,1150,1154,1139.199951,1145.719971,1031.087036,77242
3/3/2015,1145.5,1154.5,1139.719971,1148.680054,1033.750854,79562
3/4/2015,1149.5,1156.75,1126.180054,1136.300049,1022.609436,142860
3/5/2015,1134.199951,1148.699951,1118,1125.849976,1013.204895,125318
3/9/2015,1125.849976,1128,1089.599976,1095.280029,985.693665,242926
3/10/2015,1100,1103.5,1081.650024,1100.050049,989.986328,180680
3/11/2015,1095,1120,1086.300049,1091.800049,982.561768,254146
3/12/2015,1092.449951,1113.180054,1088.75,1108.900024,997.950928,172524
3/13/2015,1113.050049,1114.400024,1097.199951,1108.219971,997.338867,111328
3/16/2015,1105,1141,1105,1133.5,1020.089539,154334
3/17/2015,1130.099976,1139.25,1109.099976,1120.969971,1008.813232,169758
3/18/2015,1125,1130.380005,1110,1115.099976,1003.530457,83142
3/19/2015,1113.5,1122.069946,1112.099976,1114.949951,1003.39563,1021416
3/20/2015,1116.5,1134.75,1116.5,1129.469971,1016.462769,157412
3/23/2015,1126,1137.5,1113.430054,1116.199951,1004.520447,720696
3/24/2015,1115,1126,1103.119995,1106.050049,995.386169,109452
3/25/2015,1108.650024,1113.849976,1100,1108.849976,997.905884,146474
3/26/2015,1106,1106.75,1065,1072.219971,964.940796,226320
3/27/2015,1082,1112.5,1080,1100.969971,990.814209,161544
3/30/2015,1107,1122.030029,1097.719971,1114.900024,1003.350464,115964
3/31/2015,1121.800049,1136,1102.430054,1108.300049,997.411072,153088
4/1/2015,1104.699951,1104.699951,1080,1086.119995,977.450012,316246
4/6/2015,1086.119995,1092.5,1081,1088.599976,979.681885,116118
4/7/2015,1090,1091.969971,1070.900024,1080.619995,972.500305,140114
4/8/2015,1087.75,1103.430054,1087,1100.400024,990.301208,79598
4/9/2015,1105,1108.199951,1093.5,1105.699951,995.070984,68070
4/10/2015,1105,1119.5,1105,1116.650024,1004.925476,92850
4/13/2015,1117.5,1122,1108.800049,1119.5,1007.490356,67758
4/15/2015,1119.5,1121.449951,1097.75,1106.599976,995.880981,88410
4/16/2015,1107.5,1115,1078.119995,1095.550049,985.936523,148980
4/17/2015,1094,1097.5,1076.719971,1090.969971,981.81488,65198
4/20/2015,1090.5,1092,1058.619995,1066.619995,959.901062,1607928
4/21/2015,1069,1076.219971,1059.900024,1072.199951,964.922729,331532
4/22/2015,1073.069946,1087.5,1050.119995,1069.219971,962.241028,158362
4/23/2015,1072.650024,1072.650024,1056.25,1061.280029,955.095581,213050
4/24/2015,1065.5,1075,991,998.125,898.259338,3042194
4/27/2015,1000.5,1005,975,993,893.646973,685344
4/28/2015,994,994,976.5,980.674988,882.555237,490368
4/29/2015,982.5,986,969.275024,980.799988,882.667603,314158
4/30/2015,980,980.075012,966.325012,971.200012,874.02832,699916
5/4/2015,971.200012,999.5,971.200012,997.150024,897.381836,208100
5/5/2015,1000,1002.5,977.5,983.375,884.984985,480910
5/6/2015,989.5,990,958.75,961.25,865.073792,853838
5/7/2015,964.400024,983.5,955.549988,971.400024,874.208191,256032
5/8/2015,981.950012,984.299988,972.900024,979,881.047852,136284
5/11/2015,982.549988,1000,977,996,896.346924,242664
5/12/2015,999.450012,999.450012,970.625,974.799988,877.268005,366828
5/13/2015,977,982.5,966.299988,977.974976,880.125366,3353334
5/14/2015,980,980,955,967.275024,870.495972,265246
5/15/2015,967.549988,982.5,967.5,979.875,881.835266,170336
5/18/2015,982.099976,999,981.025024,995.875,896.234436,234492
5/19/2015,994.5,1016.349976,992.200012,1009.080017,908.118225,184790
5/20/2015,1016.780029,1025.5,1016.780029,1022.349976,920.060486,136286
5/21/2015,1024.5,1030.5,1017.5,1021.669983,919.448547,108246
5/22/2015,1022.5,1024.699951,1015.030029,1020.900024,918.755554,344574
5/25/2015,1025,1028.449951,1003.5,1009,908.046143,168264
5/26/2015,1010.5,1015.530029,1000.25,1004.650024,904.13147,239448
5/27/2015,1007.5,1007.5,976.875,984.525024,886.020081,275626
5/28/2015,990,1013.5,988.150024,1007.150024,906.381348,210718
5/29/2015,1008.5,1026.75,1001.880005,1011.200012,910.026123,373196
6/1/2015,1015,1031.5,1011.650024,1022.849976,920.510498,158150
6/2/2015,1022.5,1027.400024,1002.549988,1004.400024,903.906494,277568
6/3/2015,1010,1030,1004.119995,1011.549988,910.341064,348354
6/4/2015,1015.5,1028.300049,1007.169983,1014.030029,912.572998,172884
6/5/2015,1019.5,1022,1004.580017,1006.049988,905.391357,239842
6/8/2015,1006,1010.119995,995,1000.119995,900.054688,112146
6/9/2015,1006.5,1006.5,992.549988,996.275024,896.594421,325716
6/10/2015,1005,1019.849976,993,1013.099976,911.735901,212172
6/11/2015,1017.5,1022.5,998.525024,1000.919983,900.774658,438186
6/12/2015,1001,1012.25,977.75,988.325012,916.450256,728812
6/15/2015,980,998.849976,968.5,991.099976,932.94696,352567
6/16/2015,994,1002,985,999.450012,940.807007,124572
6/17/2015,1007,1020.400024,993.299988,995.799988,937.371094,200684
6/18/2015,1000.25,1005.950012,996,1000.900024,942.171997,98293
6/19/2015,1005,1010.299988,992.5,996.75,938.265503,105608
6/22/2015,1009,1028.800049,997.5,1024.400024,964.29303,189597
6/23/2015,1025,1028,999.099976,1001.150024,942.407349,219714
6/24/2015,1010,1013.400024,991.599976,995.099976,936.712219,151837
6/25/2015,1000,1003,987.849976,991.150024,932.994019,187888
6/26/2015,995,1011.75,995,1006.099976,947.066772,177156
6/29/2015,988,999,980,990.25,932.146851,214778
6/30/2015,993,993,983.099976,985.349976,927.534302,130902
7/1/2015,990,1000,986.150024,997.700012,939.159668,92268
7/2/2015,1000,1000.400024,985.150024,988.150024,930.170105,123814
7/3/2015,987,993,983.549988,989.950012,931.86438,97141
7/6/2015,980,988.25,975.5,983.5,925.792847,137500
7/7/2015,990,990.75,980.049988,982.049988,924.427917,86525
7/8/2015,985,985,955,957.200012,901.036072,335285
7/9/2015,960,966.950012,934,937.700012,882.680237,325585
7/10/2015,950,951.849976,932.549988,937,882.021301,154023
7/13/2015,940,954.450012,934.099976,950.049988,894.305664,199391
7/14/2015,955,973.599976,945.349976,970.099976,913.179077,268169
7/15/2015,971.900024,985.200012,969,982.650024,924.992798,135014
7/16/2015,985.5,991.200012,979.099976,987.799988,929.840576,98765
7/17/2015,989.900024,1003.950012,989,1002,943.207397,198520
7/20/2015,1003.25,1010,987.25,1001.900024,943.113281,173740
7/21/2015,1022.200012,1127.75,1022.200012,1112.650024,1047.365112,1417565
7/22/2015,1105,1111.449951,1075.75,1102.599976,1037.904541,304363
7/23/2015,1103,1117.699951,1091,1098.849976,1034.374756,184063
7/24/2015,1100,1106.199951,1082.400024,1089.349976,1025.432007,123690
7/27/2015,1089,1089,1060.5,1065,1002.510986,221136
7/28/2015,1077,1077,1055.5,1063.5,1001.098877,126104
7/29/2015,1068,1092.25,1065,1085.199951,1021.525574,130349
7/30/2015,1090,1090,1059.75,1069.099976,1006.370422,111411
7/31/2015,1079,1081.199951,1061.599976,1078.050049,1014.795288,143459
8/3/2015,1080,1091.5,1069,1079.050049,1015.736572,126860
8/4/2015,1078,1080,1053,1059.800049,997.615906,176101
8/5/2015,1065,1090,1065,1086.550049,1022.796387,107932
8/6/2015,1090.199951,1105.949951,1079,1089.449951,1025.526123,185927
8/7/2015,1089.449951,1100.900024,1080,1095.599976,1031.315308,102142
8/10/2015,1097,1106,1068.099976,1081.949951,1018.466187,102736
8/11/2015,1098.900024,1115,1073.5,1104.349976,1039.55188,228334
8/12/2015,1110,1147,1110,1141.75,1074.757568,254659
8/13/2015,1147,1166,1130,1156.849976,1088.971558,295308
8/14/2015,1166,1168.800049,1143,1149,1081.582153,184615
8/17/2015,1150,1150.75,1122.5,1141.849976,1074.851685,94446
8/18/2015,1147,1177,1147,1163.800049,1095.513916,182975
8/19/2015,1166,1186,1163.800049,1175.050049,1106.103638,284572
8/20/2015,1170,1170,1130.199951,1138.199951,1071.415771,238532
8/21/2015,1141,1159.400024,1119.099976,1150.599976,1083.088135,232617
8/24/2015,1120,1123,1080.050049,1092.650024,1028.538574,340349
8/25/2015,1096,1120,1045,1086.5,1022.749329,252522
8/26/2015,1099,1099,1059.599976,1065.349976,1002.840393,187394
8/27/2015,1090,1098.900024,1076.5,1084.099976,1020.490112,119885
8/28/2015,1095.199951,1124,1095,1110.699951,1045.529419,170300
8/31/2015,1130,1130,1083.599976,1095.199951,1030.938843,194970
9/1/2015,1089.949951,1114.400024,1082.099976,1089.650024,1025.714478,194363
9/2/2015,1100,1114.599976,1090.099976,1100.300049,1035.739746,157076
9/3/2015,1110,1111.050049,1093.949951,1100.650024,1036.069092,84826
9/4/2015,1107.800049,1110,1068,1073.800049,1010.794556,158330
9/7/2015,1081,1084,1055,1059.599976,997.427612,114695
9/8/2015,1063,1074.449951,1052.349976,1059.300049,997.145325,144972
9/9/2015,1088,1099,1072.5,1088.5,1024.631836,147657
9/10/2015,1088,1090.699951,1061.699951,1080.349976,1016.960144,124828
9/11/2015,1092,1105.449951,1085.25,1090.699951,1026.702881,132213
9/14/2015,1096.199951,1100,1082.550049,1097.75,1033.339111,87985
9/15/2015,1099,1104.300049,1088.099976,1098.400024,1033.951294,85527
9/16/2015,1105,1108.449951,1098.199951,1101.5,1036.869263,254703
9/18/2015,1101.5,1118,1099.25,1104.75,1039.928345,143076
9/21/2015,1100,1108.199951,1097,1104.650024,1039.834473,87241
9/22/2015,1115,1135.400024,1100,1105.5,1040.634399,189121
9/23/2015,1109.800049,1126,1097.5,1116.650024,1051.130249,111417
9/24/2015,1111,1149.599976,1110.050049,1141.400024,1074.428223,198943
9/28/2015,1141.400024,1143.349976,1103.050049,1108.199951,1043.176025,152660
9/29/2015,1102,1132,1098,1121.099976,1055.319092,167616
9/30/2015,1133,1165.349976,1127.550049,1160.449951,1092.360107,217212
10/1/2015,1169.900024,1197,1162.349976,1173.25,1104.409302,217864
10/5/2015,1173.25,1188.900024,1162.550049,1180.5,1111.233887,149537
10/6/2015,1185,1190,1148.599976,1154.849976,1087.088867,201793
10/7/2015,1157.900024,1168.900024,1128.349976,1133.150024,1066.662231,203853
10/8/2015,1140,1149.650024,1126,1132.449951,1066.003052,141959
10/9/2015,1133,1172.599976,1133,1167.849976,1099.325928,363649
10/12/2015,1202.699951,1219,1108.900024,1122.5,1056.636963,1271136
10/13/2015,1107,1114.800049,1087.099976,1098.650024,1034.186401,458188
10/14/2015,1090,1115,1090,1097.449951,1033.056641,240004
10/15/2015,1102,1108,1089,1097,1032.633179,207401
10/16/2015,1100,1103.199951,1090,1093.75,1039.045654,145067
10/19/2015,1100,1117,1100,1112.199951,1056.572754,158370
10/20/2015,1113,1129.800049,1111.599976,1125.349976,1069.064941,170023
10/21/2015,1125.949951,1146,1125.349976,1137.599976,1080.702393,171006
10/23/2015,1137.599976,1152,1125.099976,1148.550049,1091.104858,149197
10/26/2015,1150,1157.25,1143,1151.400024,1093.812256,108324
10/27/2015,1151,1154,1144,1148.449951,1091.009644,64063
10/28/2015,1146,1160,1139.5,1151.349976,1093.764648,97512
10/29/2015,1150,1155,1136,1142.699951,1085.547363,67592
10/30/2015,1142.699951,1144,1130.5,1136.050049,1079.229858,74766
11/2/2015,1130,1135,1114.300049,1131.550049,1074.955078,80325
11/3/2015,1134,1149,1134,1143,1085.832275,108784
11/4/2015,1148,1155.599976,1133.099976,1137.050049,1080.179932,92385
11/5/2015,1139,1144.849976,1117.050049,1122.449951,1066.310181,145382
11/6/2015,1125,1142.699951,1125,1138.050049,1081.130005,81166
11/9/2015,1120,1137.650024,1115,1133.949951,1077.234863,91972
11/10/2015,1134,1134,1102,1106.400024,1051.062988,113628
11/13/2015,1106.400024,1107,1090,1100.449951,1045.410278,88143
11/16/2015,1085,1093.75,1067.099976,1080.199951,1026.173218,159011
11/17/2015,1082,1084,1052.050049,1061.099976,1008.028687,331519
11/18/2015,1044,1044.349976,1012.25,1019.849976,968.841675,408814
11/19/2015,1032,1051.75,1024.599976,1047.300049,994.918884,300690
11/20/2015,1050,1062,1042.650024,1052.900024,1000.23877,141064
11/23/2015,1051.5,1061.300049,1038.050049,1053.5,1000.808716,125236
11/24/2015,1045,1050,1037,1041,988.933899,120699
11/26/2015,1041,1058.699951,1035,1053.199951,1000.523682,123381
11/27/2015,1050,1069.650024,1046.199951,1066.300049,1012.968567,117372
11/30/2015,1070,1098,1056,1088.449951,1034.01062,150439
12/1/2015,1088.5,1093.050049,1072,1076.650024,1022.800842,103209
12/2/2015,1082,1082,1058.050049,1060.199951,1007.173584,100417
12/3/2015,1062.5,1065.25,1050,1056,1003.183716,177130
12/4/2015,1053,1063.599976,1040.900024,1047.800049,995.39386,313869
12/7/2015,1052,1058.550049,1040.25,1045.849976,993.541382,89772
12/8/2015,1045,1062,1041.099976,1044.949951,992.686401,92596
12/9/2015,1044,1047.599976,1023.5,1029.349976,977.866577,371357
12/10/2015,1035.099976,1051.5,1030.449951,1046.400024,994.063904,214797
12/11/2015,1050.099976,1060.900024,1046,1052.349976,999.716187,183240
12/14/2015,1050,1073.300049,1049,1069.5,1016.008423,152225
12/15/2015,1075,1079.800049,1058.150024,1076.900024,1023.038391,122227
12/16/2015,1080,1097.800049,1080,1095.400024,1040.613159,114102
12/17/2015,1100,1110,1088,1106.949951,1051.585327,239233
12/18/2015,1098,1102.949951,1080.099976,1085.949951,1031.63562,181304
12/21/2015,1075,1104.75,1070.900024,1102,1046.882935,113148
12/22/2015,1100,1100,1080.5,1083.599976,1029.40332,101654
12/23/2015,1088,1100,1087,1098,1043.083008,84969
12/24/2015,1100,1103.400024,1090.400024,1095.849976,1041.040649,44727
12/28/2015,1095.849976,1107.599976,1090,1101.650024,1046.550415,79575
12/29/2015,1101.099976,1109.650024,1097.5,1103.75,1048.54541,56203
12/30/2015,1100,1106.349976,1083.5,1086.050049,1031.730713,91402
12/31/2015,1088,1109,1088,1104.550049,1049.30542,80683
1/1/2016,1100,1108.900024,1094.300049,1103.150024,1047.975464,54123
1/4/2016,1103.150024,1103.150024,1077.5,1080.599976,1026.553467,86761
1/5/2016,1083,1088,1063,1074.800049,1021.043518,118328
1/6/2016,1073,1074.5,1059.099976,1069.449951,1015.960876,108090
1/7/2016,1060,1067.949951,1048.300049,1051.25,998.671387,96322
1/8/2016,1056,1068.5,1055.900024,1062.650024,1009.501099,84418
1/11/2016,1060,1069.449951,1052.5,1057.099976,1004.228577,257718
1/12/2016,1059,1061.5,1031.849976,1050.050049,997.531433,139898
1/13/2016,1050,1090,1047.599976,1082.349976,1028.21582,246428
1/14/2016,1068,1155,1054.949951,1128.699951,1072.247559,1741690
1/15/2016,1145,1163.449951,1136.550049,1140.199951,1083.172363,245741
1/18/2016,1138,1161.449951,1128,1131.949951,1075.335083,182391
1/19/2016,1135,1158.699951,1129.5,1139.099976,1082.127319,357103
1/20/2016,1139.099976,1145,1116.599976,1121.650024,1065.550171,210916
1/21/2016,1128,1142.5,1122.5,1136.5,1079.657593,158126
1/22/2016,1140,1152,1130,1135.900024,1079.087524,114510
1/25/2016,1140,1146.949951,1125.599976,1137.650024,1080.750122,82957
1/27/2016,1137.650024,1149.849976,1136,1138.349976,1081.415039,65148
1/28/2016,1138,1142.5,1127.699951,1131.349976,1074.765137,51720
1/29/2016,1135,1169.699951,1132,1164.849976,1106.589355,253783
2/1/2016,1170,1179.849976,1163,1171.300049,1112.716919,81396
2/2/2016,1172,1188.25,1168,1174.800049,1116.04187,159252
2/3/2016,1171,1175,1152.699951,1158.150024,1100.224731,59095
2/4/2016,1164,1193.599976,1161.75,1179.900024,1120.886963,111132
2/5/2016,1179,1185.449951,1172.099976,1174.949951,1116.184326,64237
2/8/2016,1170,1171.800049,1143.349976,1149.099976,1091.627197,105756
2/9/2016,1130,1130,1094,1109.300049,1053.817871,151274
2/10/2016,1108,1127,1105.550049,1110.150024,1054.625366,119313
2/11/2016,1114,1114,1072.349976,1081.150024,1027.075806,122451
2/12/2016,1086,1103.5,1067,1083.5,1029.308228,162881
2/15/2016,1090,1099.949951,1086.800049,1091.349976,1036.765503,1511012
2/16/2016,1090,1092,1075.150024,1081,1026.933228,290852
2/17/2016,1082,1101.400024,1077,1095.449951,1040.660522,388379
2/18/2016,1097,1126.449951,1097,1122.699951,1066.547607,90760
2/19/2016,1122.900024,1133.25,1114.650024,1124,1067.782593,74901
2/22/2016,1133,1133,1114.300049,1125.300049,1069.0177,107010
2/23/2016,1133,1133,1117.050049,1123.949951,1067.735107,79735
2/24/2016,1123,1143.949951,1119,1125.400024,1069.112549,205289
2/25/2016,1125,1130.400024,1102,1111.25,1055.670288,289872
2/26/2016,1113,1130.75,1113,1121.050049,1064.980225,160687
2/29/2016,1130,1130,1069.349976,1083.75,1029.545776,215509
3/1/2016,1098,1131,1089,1124.5,1068.257568,126194
3/2/2016,1132,1162,1125,1156.25,1098.419678,198991
3/3/2016,1169,1192.900024,1155.150024,1169.150024,1110.674438,197098
3/4/2016,1170,1184.400024,1160,1170.550049,1112.004517,125974
3/8/2016,1170.550049,1190,1148,1163.550049,1105.354614,126706
3/9/2016,1147,1183.800049,1144,1178.5,1119.556885,119628
3/10/2016,1164,1164.099976,1142.949951,1145.949951,1088.634766,1577978
3/11/2016,1146,1156.099976,1139,1142.5,1085.3573,79183
3/14/2016,1150,1154.5,1138,1140.949951,1083.884766,74870
3/15/2016,1146,1153.900024,1129,1134.349976,1077.61499,75943
3/16/2016,1139.949951,1154.900024,1132.050049,1152,1094.382202,69839
3/17/2016,1156,1169.900024,1154,1160.199951,1102.172119,67113
3/18/2016,1161,1195.800049,1161,1190.199951,1130.671631,148307
3/21/2016,1187,1199,1180.199951,1195,1135.231445,120111
3/22/2016,1194,1194,1172.300049,1189.900024,1130.386719,106871
3/23/2016,1189,1212,1181.949951,1207.75,1147.34375,159976
3/28/2016,1207.75,1234.650024,1196.199951,1204.699951,1144.446411,162252
3/29/2016,1200,1217.5,1191.599976,1198.949951,1138.984009,114575
3/30/2016,1200,1209,1196,1205.800049,1145.491455,78561
3/31/2016,1210,1228.949951,1200.599976,1217.949951,1157.033691,113873
4/1/2016,1212,1221.800049,1197,1205.900024,1145.586426,123298
4/4/2016,1212,1249.900024,1212,1243.550049,1181.353394,119168
4/5/2016,1243,1243,1215,1218.599976,1157.651123,246634
4/6/2016,1224.5,1228,1197,1201.099976,1141.026367,103294
4/7/2016,1212,1214.849976,1164,1181.650024,1122.549316,5832025
4/8/2016,1175,1178,1162.050049,1167.349976,1108.964478,92191
4/11/2016,1167,1187.25,1151.400024,1184.400024,1125.161743,147732
4/12/2016,1185,1194.949951,1178.599976,1182.300049,1123.166748,170027
4/13/2016,1194,1195,1166.5,1172.050049,1113.429443,801832
4/18/2016,1172.050049,1267.900024,1172.050049,1238.800049,1176.840942,753862
4/20/2016,1238.800049,1249.949951,1225.5,1243.25,1181.068359,151925
4/21/2016,1250,1250,1219,1226.400024,1165.061035,151414
4/22/2016,1221,1229,1210,1213.849976,1153.138672,96304
4/25/2016,1214,1224.449951,1201.050049,1217.050049,1156.178589,129233
4/26/2016,1215,1239,1209,1232.949951,1171.283569,120720
4/27/2016,1229.900024,1242,1228.199951,1240,1177.980835,69424
4/28/2016,1233,1239.900024,1210.050049,1211.449951,1150.858765,517659
4/29/2016,1212,1224.400024,1206,1210.849976,1150.288818,93993
5/2/2016,1214,1214,1196.300049,1200.650024,1140.598999,116483
5/3/2016,1200,1212.050049,1174.300049,1180.75,1121.694336,138555
5/4/2016,1191,1192.5,1171.550049,1189.550049,1130.054321,108048
5/5/2016,1191,1199,1181.849976,1192.449951,1132.809204,531520
5/6/2016,1192,1192,1176.699951,1181.449951,1122.359131,73541
5/9/2016,1190,1200.5,1181.550049,1199.150024,1139.17395,76269
5/10/2016,1200,1216,1196.400024,1212.550049,1151.903809,74273
5/11/2016,1205,1214.949951,1193,1201.050049,1140.979126,109159
5/12/2016,1208.949951,1212.5,1197.800049,1210.199951,1149.671265,115768
5/13/2016,1207,1209,1192.650024,1206.699951,1146.346191,82888
5/16/2016,1210,1221.75,1208,1213.949951,1153.233765,80904
5/17/2016,1218,1225,1210,1214.050049,1153.328735,61890
5/18/2016,1203.5,1213.949951,1198,1209.75,1149.243774,66017
5/19/2016,1209,1215.849976,1201.099976,1205.349976,1145.063721,41837
5/20/2016,1204,1219.5,1200.050049,1201.75,1141.644043,49424
5/23/2016,1201.5,1204.400024,1185.550049,1190.75,1131.194092,107246
5/24/2016,1190,1194,1178.5,1188.199951,1128.771606,84747
5/25/2016,1196,1212.849976,1196,1208.849976,1148.388916,54461
5/26/2016,1208,1236.900024,1208,1231.650024,1170.048462,112874
5/27/2016,1230,1256.849976,1230,1246.400024,1184.060791,169649
5/30/2016,1247,1270,1244.099976,1263.449951,1200.257935,132179
5/31/2016,1268,1268,1239,1249.849976,1187.338257,72964
6/1/2016,1241,1267.5,1241,1256.449951,1193.608032,87677
6/2/2016,1253,1274,1253,1260.25,1197.218018,105795
6/3/2016,1264,1278,1263.449951,1266.449951,1203.108032,63514
6/6/2016,1270,1277.25,1260.050049,1267.099976,1203.725342,49192
6/7/2016,1267,1272,1255.349976,1257.199951,1194.320557,295440
6/8/2016,1260,1264.949951,1236,1238.300049,1176.365967,202263
6/9/2016,1228.900024,1228.900024,1181.099976,1185.449951,1139.269409,495595
6/10/2016,1175.5,1190,1170.900024,1180.800049,1134.800659,247826
6/13/2016,1176,1185.800049,1166.25,1182.550049,1136.482544,121513
6/14/2016,1183.099976,1184.900024,1167.75,1175.199951,1129.418823,99403
6/15/2016,1180,1191.150024,1179,1189.199951,1142.873291,126892
6/16/2016,1193.699951,1193.699951,1170.5,1186.199951,1139.990234,161237
6/17/2016,1190,1191.400024,1175.099976,1178.300049,1132.398193,103455
6/20/2016,1178.199951,1211.900024,1177.900024,1208.599976,1161.5177,144354
6/21/2016,1209,1215,1196.5,1205.900024,1158.922974,120352
6/22/2016,1197.25,1211.699951,1190,1198.550049,1151.859253,76515
6/23/2016,1199.900024,1214.650024,1193.449951,1211.550049,1164.352783,159955
6/24/2016,1199,1199,1159,1194.5,1147.967041,227077
6/27/2016,1176,1179.800049,1160,1166.25,1120.817627,192742
6/28/2016,1166.25,1173,1156,1161.050049,1115.82019,187648
6/29/2016,1165,1179.349976,1161.25,1176.550049,1130.716309,119789
6/30/2016,1192.699951,1192.699951,1168.099976,1170.75,1125.142212,145080
7/1/2016,1180,1180.550049,1170,1172.099976,1126.439575,97337
7/4/2016,1176,1194.800049,1176,1184.25,1138.116333,159245
7/5/2016,1185,1185.5,1171.550049,1175.449951,1129.659058,73198
7/7/2016,1175.449951,1175.449951,1155,1157.199951,1112.119995,167697
7/8/2016,1177.199951,1177.199951,1153.199951,1158.75,1113.609741,1305599
7/11/2016,1165,1178,1160.5,1174.849976,1129.08252,126988
7/12/2016,1174,1180,1168,1176,1130.187744,93277
7/13/2016,1180,1195,1175.099976,1193.150024,1146.669556,132209
7/14/2016,1195,1195.050049,1165.199951,1175.849976,1130.043579,243844
7/15/2016,1186.349976,1195,1058.300049,1072.25,1030.479492,2710883
7/18/2016,1075,1084.449951,1056,1081.699951,1039.561157,949800
7/19/2016,1086.5,1089,1075,1086.300049,1043.982178,693722
7/20/2016,1071,1089.5,1070,1083.050049,1040.858765,260461
7/21/2016,1080,1087,1075.5,1080.349976,1038.263794,966766
7/22/2016,1075,1077.449951,1067,1072.650024,1030.863892,229748
7/25/2016,1065,1083,1065,1080.5,1038.408081,223034
7/26/2016,1080,1089.800049,1074,1088.800049,1046.384644,238182
7/27/2016,1088.699951,1097.099976,1080,1087.550049,1045.18335,375417
7/28/2016,1087.550049,1087.550049,1076.050049,1079.199951,1037.158691,331025
7/29/2016,1078,1078,1067,1073.949951,1032.113159,240309
8/1/2016,1074,1087.5,1069,1085,1042.732666,291579
8/2/2016,1089.900024,1089.900024,1076.050049,1084.300049,1042.059937,196367
8/3/2016,1085,1087.25,1072,1085,1042.732666,160694
8/4/2016,1090,1090,1070,1072.150024,1030.383301,208434
8/5/2016,1065,1074,1051,1067.400024,1025.818359,234663
8/8/2016,1068,1082.599976,1061.650024,1078.800049,1036.77417,1039761
8/9/2016,1079,1084.25,1071.550049,1081.5,1039.369141,136508
8/10/2016,1079.900024,1086.050049,1075.050049,1079.949951,1037.879272,127204
8/11/2016,1081.900024,1094,1075.800049,1077.099976,1035.140381,209563
8/12/2016,1075,1078.849976,1060,1063.300049,1021.878052,232312
8/16/2016,1063.300049,1063.300049,1027.599976,1050.949951,1010.009155,331107
8/17/2016,1046,1051.900024,1030.5,1033.400024,993.142822,203762
8/18/2016,1035,1044.800049,1022.950012,1024.300049,984.3974,229792
8/19/2016,1026.5,1038.900024,1019,1021.099976,981.32196,186716
8/22/2016,1021.099976,1030,1009.200012,1015.400024,975.844116,210652
8/23/2016,1016.450012,1041,1016.450012,1039.25,998.764954,233292
8/24/2016,1045,1061.949951,1045,1057.550049,1016.352051,182209
8/25/2016,1058,1058,1032.300049,1036.550049,996.170227,119690
8/26/2016,1037,1046,1017.099976,1020.75,980.985596,181021
8/29/2016,1020,1028,1011.799988,1022.25,982.427185,200768
8/30/2016,1037,1055.099976,1024.800049,1041,1000.446716,188509
8/31/2016,1041.5,1046,1030.599976,1036.800049,996.4104,213914
9/1/2016,1036,1039.900024,1032.25,1037.650024,997.227234,103907
9/2/2016,1037,1039,1026.800049,1031.050049,990.88446,1044478
9/6/2016,1031.050049,1048.900024,1031.050049,1045.099976,1004.387024,286075
9/7/2016,1045,1058.5,1043.5,1055,1013.901489,262202
9/8/2016,1048,1050,1025,1037.900024,997.46759,556393
9/9/2016,1038,1040.75,1027.650024,1036,995.641602,231625
9/12/2016,1028,1057.199951,1026,1054,1012.940308,300737
9/14/2016,1054,1057.300049,1043,1047.099976,1006.309143,392521
9/15/2016,1048,1054.800049,1036.050049,1041.349976,1000.783142,149599
9/16/2016,1051,1064.150024,1038,1060.349976,1019.04303,206464
9/19/2016,1050,1068.650024,1043,1061.150024,1019.811829,645622
9/20/2016,1054,1057.25,1046.5,1050.349976,1009.432556,87819
9/21/2016,1051,1060.25,1051,1056.699951,1015.535095,93680
9/22/2016,1056,1060.650024,1051.599976,1058.5,1017.264954,70148
9/23/2016,1059,1059.849976,1040,1043,1002.368835,90231
9/26/2016,1041,1043,1031.400024,1035.699951,995.35321,740248
9/27/2016,1035.699951,1049.550049,1035,1040.449951,999.918152,179709
9/28/2016,1040,1041.800049,1034,1038.599976,998.140259,179858
9/29/2016,1041,1044,1024,1029.900024,989.779236,346219
9/30/2016,1031,1043.849976,1031,1038.099976,997.659668,221130
10/3/2016,1038.099976,1040.800049,1026.5,1037.849976,997.419434,91512
10/4/2016,1040,1051.099976,1038,1048.800049,1007.942871,109948
10/5/2016,1048.699951,1049.5,1037,1041.150024,1000.590942,63896
10/6/2016,1041,1041.150024,1025,1026.650024,986.655762,111515
10/7/2016,1030,1032.75,1010.049988,1012.650024,973.201233,387753
10/10/2016,1014.549988,1032,1010,1029.550049,989.442871,207535
10/13/2016,1029.550049,1057.5,1024.550049,1052.050049,1011.066406,350894
10/14/2016,1060,1080.699951,996.150024,1027.400024,987.376587,1856578
10/17/2016,1036,1041.75,1017.900024,1022.049988,982.234985,233827
10/18/2016,1030,1039.900024,1027.400024,1038.199951,997.755859,139967
10/19/2016,1042,1045.050049,1035,1041.599976,1001.023376,126185
10/20/2016,1041.099976,1049.949951,1035,1036.949951,996.554504,106661
10/21/2016,1035,1041,1025.050049,1038.099976,1008.356384,70432
10/24/2016,1040,1042,1027,1029,999.517151,75995
10/25/2016,1029.900024,1035.900024,1015.5,1017.349976,988.200928,112655
10/26/2016,1020,1020.599976,1010.099976,1014.849976,985.772522,142755
10/27/2016,1015.900024,1019.799988,1004.349976,1006.150024,977.321838,121843
10/28/2016,1007,1009.799988,994,997.450012,968.871155,236769
11/1/2016,997.450012,1009.849976,986,988.849976,960.517517,230329
11/2/2016,988,988,980,981.099976,952.989563,141299
11/3/2016,984.5,984.5,965.099976,966.900024,939.196472,209405
11/4/2016,966.900024,978.849976,962,970.799988,942.98468,203448
11/7/2016,982.25,990,975.599976,978.75,950.706848,106708
11/8/2016,986.049988,990,970.950012,982.799988,954.640808,147105
11/9/2016,940,973.700012,900.299988,955.849976,928.463013,408320
11/10/2016,961.049988,965.200012,935,938.599976,911.707214,271448
11/11/2016,940,942,919,921.849976,895.437134,215606
11/15/2016,921.849976,938,909.549988,924.75,898.254089,244625
11/16/2016,926.099976,956.700012,926.099976,940.099976,913.164246,182434
11/17/2016,934.799988,949,926.25,929.549988,902.916565,135971
11/18/2016,929.799988,932.900024,918,919.799988,893.445923,104317
11/21/2016,930.900024,930.900024,906.75,911.150024,885.043762,132361
11/22/2016,921.75,928,912,913.950012,887.76355,103448
11/23/2016,924,924,913.200012,920.5,894.125854,171245
11/24/2016,923.299988,940,922.900024,932.700012,905.976379,350633
11/25/2016,930.299988,984.900024,930.299988,977.299988,949.298401,396652
11/28/2016,994.799988,994.799988,970.650024,979.650024,951.581177,375741
11/29/2016,983,983.450012,967.400024,972.650024,944.781677,109828
11/30/2016,970,977.5,962,975.450012,947.501465,141635
12/1/2016,976,984,969.450012,976.049988,948.084229,99683
12/2/2016,969,969.900024,961,964.099976,936.476624,89536
12/5/2016,965,968.200012,957.900024,961.400024,933.854004,85878
12/6/2016,966.5,978.700012,962.700012,966.950012,939.244995,112489
12/7/2016,967.200012,972.599976,960.900024,966.599976,938.905029,123075
12/8/2016,966.599976,987.799988,966.599976,984.75,956.534973,85826
12/9/2016,986.5,1007.049988,983,987.349976,959.060486,190444
12/12/2016,981,981.5,965.450012,977.5,949.492737,183653
12/13/2016,977,991.849976,973.5,990.049988,961.683105,117842
12/14/2016,991.549988,1004,984,999.049988,970.425232,331088
12/15/2016,997.900024,1018.900024,990,993.25,964.791443,259145
12/16/2016,999.200012,1009,998,1004.200012,975.427734,112733
12/19/2016,1005,1006.049988,994.200012,1002.200012,973.485046,80041
12/20/2016,998,1018.950012,998,1010.400024,981.450073,129010
12/21/2016,1015,1020.950012,1001.049988,1003.700012,974.942078,117589
12/22/2016,1002.900024,1006.900024,970.200012,985.200012,956.972107,348543
12/23/2016,981.349976,1006.599976,975,989.299988,960.954651,154679
12/26/2016,989,993.849976,976,983,954.835144,107748
12/27/2016,983.099976,1002.900024,982.25,999.25,970.619507,132518
12/28/2016,999.5,1009.75,995.200012,999.150024,970.5224,452433
12/29/2016,1000,1007.450012,986.400024,994.099976,965.617065,165205
12/30/2016,995.25,1012,993,1010.700012,981.741455,217681
1/2/2017,1012,1013.099976,1000,1001.599976,972.902161,74583
1/3/2017,1002.349976,1005.900024,980.799988,994.650024,966.151367,418341
1/4/2017,994.599976,1003.299988,993.700012,998.299988,969.696716,142847
1/5/2017,999,1009,989.099976,996.400024,967.851196,520675
1/6/2017,993,998.950012,968.450012,971.450012,943.616089,887743
1/9/2017,974,976.849976,965,970.549988,942.741821,257174
1/10/2017,976.25,980.950012,968,970.599976,942.790344,457619
1/11/2017,978,978,964,969,941.236267,193257
1/12/2017,972.25,1004.400024,972.25,1000.049988,971.396545,261761
1/13/2017,1026.349976,1045,964,975.150024,947.210083,1266558
1/16/2017,965,965.5,952.5,955.700012,928.317322,274905
1/17/2017,959.799988,964.75,954,956.049988,928.657288,211084
1/18/2017,958,961,950,950.900024,923.654846,161026
1/19/2017,951,960.299988,949.599976,958.549988,931.085632,284633
1/20/2017,953,955,946,948.799988,921.61499,221048
1/23/2017,947,957.5,939.5,951.75,924.480469,177213
1/24/2017,952.849976,953,940.150024,945.099976,918.020996,125628
1/25/2017,948.75,950,935,936.650024,909.81311,222990
1/27/2017,936.650024,948,926.400024,942.150024,915.155579,319411
1/30/2017,938.700012,951.900024,929.650024,948.349976,921.177856,492355
1/31/2017,943.900024,947,905,929.299988,902.673767,870855
2/1/2017,921.900024,923.200012,906,916.549988,890.289063,334107
2/2/2017,916,945.200012,911,935.349976,908.550354,457353
2/3/2017,934,940.700012,921.5,934.950012,908.161865,338325
2/6/2017,939,941.650024,931,934.450012,907.676208,206625
2/7/2017,934.900024,949.400024,929.049988,944.75,917.681091,254452
2/8/2017,940,943.950012,932.349976,936.450012,909.618896,189339
2/9/2017,936,949.900024,936,948.099976,920.935059,330675
2/10/2017,945,971.799988,944,968.049988,940.313477,1185031
2/13/2017,975,985,963.099976,983.5,955.320801,473230
2/14/2017,982.549988,988.5,972.700012,987.299988,959.011902,503405
2/15/2017,982.150024,998,969.900024,982.349976,954.203735,294759
2/16/2017,992,1014.799988,990,1011.900024,982.907104,374068
2/17/2017,1011.900024,1012.049988,993.400024,999.700012,971.056641,157562
2/20/2017,998.900024,1028.099976,993.5,1011.700012,982.71283,134042
2/21/2017,1020,1024.800049,1000.099976,1012.950012,983.927002,263663
2/22/2017,1012.700012,1015,988.25,991.849976,963.431519,164123
2/23/2017,991,1019.900024,991,1009.049988,980.138733,201473
2/27/2017,1009.049988,1022.450012,1005.5,1012.75,983.732727,153815
2/28/2017,1011,1021.849976,1009,1012.299988,983.295593,80872
3/1/2017,1014.599976,1026.199951,1011.799988,1025,995.631775,152690
3/2/2017,1025,1027.900024,1016.099976,1020.650024,991.406433,96218
3/3/2017,1010.099976,1034.25,1000.5,1031.150024,1001.60553,186408
3/6/2017,1019.799988,1035.900024,1018,1033.849976,1004.228149,155040
3/7/2017,1024,1025.5,1015,1019.700012,990.483643,119466
3/8/2017,1020,1020,1004.25,1007.25,978.39032,112606
3/9/2017,1007.25,1013,999,1011.599976,982.615662,92280
3/10/2017,1011.700012,1027.5,1011.700012,1020.099976,990.872131,169675
3/14/2017,1020.099976,1041.75,1020.099976,1035,1005.345215,169244
3/15/2017,1035,1035,1008,1012.099976,983.101318,111851
3/16/2017,1012,1032,1012,1028.5,999.031494,103395
3/17/2017,1035,1042.5,1020.450012,1040,1010.202026,111037
3/20/2017,1029,1029,1015.900024,1020.599976,991.357788,137062
3/21/2017,1021,1034.800049,1018.900024,1032,1002.431152,101168
3/22/2017,1020,1039,1020,1027.800049,998.351563,116068
3/23/2017,1028,1042.550049,1026.550049,1040.599976,1010.784729,107188
3/24/2017,1040.400024,1043.949951,1026,1031.800049,1002.237,138729
3/27/2017,1033,1041.949951,1024.300049,1028.800049,999.322937,250667
3/28/2017,1026.25,1038.75,1026.25,1035.099976,1005.442322,71188
3/29/2017,1035,1040.5,1025.849976,1031.349976,1001.799805,341718
3/30/2017,1034.199951,1035.849976,1020.099976,1024.5,995.146057,139022
3/31/2017,1026,1028.800049,1009.799988,1020.799988,991.552063,316705
4/3/2017,1027.099976,1030.5,1006.549988,1009.450012,980.527283,157467
4/5/2017,1009.450012,1009.450012,991,995.400024,966.879883,175145
4/6/2017,995.099976,1005.799988,992,999.150024,970.5224,89547
4/7/2017,1000,1000,979,981.25,953.135254,214862
4/10/2017,982,991,950,952.950012,925.646118,331766
4/11/2017,955,971.200012,955,967.150024,939.43927,157718
4/12/2017,972,976.049988,961.049988,968.799988,941.041992,212099
4/13/2017,974,990.950012,927,931.400024,904.713562,1552568
4/17/2017,931.400024,932.349976,921.900024,924.799988,898.302673,280146
4/18/2017,925,934,919.549988,922.400024,895.971436,270730
4/19/2017,929.799988,929.799988,912,918.799988,892.474548,308768
4/20/2017,920,929.799988,919.049988,927.650024,901.071045,187122
4/21/2017,934.200012,934.200012,921.299988,923.700012,897.234192,138039
4/24/2017,918.799988,928,913,926.049988,899.516846,197282
4/25/2017,929.799988,933,920.5,929,902.382324,161916
4/26/2017,933,934.700012,910.400024,914.049988,887.860657,265820
4/27/2017,920,926.450012,916,923.950012,897.477051,126616
4/28/2017,925.049988,926.5,916.900024,919.400024,893.057373,103697
5/2/2017,919.400024,925.75,915.650024,921,894.611572,77745
5/3/2017,924.299988,938.799988,918.200012,935.650024,908.841858,224150
5/4/2017,935,939.200012,929.150024,936.299988,909.473145,106046
5/5/2017,936,936.400024,921.25,931.5,904.810669,107553
5/8/2017,936,948.450012,932.75,945.450012,918.361023,153766
5/9/2017,949.900024,951,942.25,946.700012,919.575195,201313
5/10/2017,947,949.700012,937.200012,943.200012,916.175476,79941
5/11/2017,945,948.700012,937.75,943.849976,916.806824,64857
5/12/2017,950,965.700012,950,963.900024,936.28241,839329
5/15/2017,965,965.700012,949.25,951.950012,924.674805,150370
5/16/2017,952,960.150024,948,956.5,929.09436,126571
5/17/2017,955,958.299988,944.200012,952.200012,924.917603,1393152
5/18/2017,949,973.849976,944,961.700012,934.145447,662623
5/19/2017,956,962.75,947.799988,957.900024,930.454346,123082
5/22/2017,957.799988,966.5,956.549988,959.75,932.251282,242173
5/23/2017,963,966.75,953.849976,957.400024,929.968689,713110
5/24/2017,957.150024,965.299988,950.400024,953.549988,926.228943,142072
5/25/2017,959.900024,984.900024,959.900024,981.900024,953.766663,207884
5/26/2017,980,1000,980,996.200012,967.656921,184059
5/29/2017,992.700012,996.849976,976,985.299988,957.069214,352552
5/30/2017,985.299988,1000,979.849976,996.450012,967.89978,91547
5/31/2017,991.150024,992.150024,975.099976,976.950012,948.958496,103115
6/1/2017,969,979.549988,959.349976,970.950012,957.588074,103112
6/2/2017,970.950012,975.099976,965,969.450012,956.108704,306705
6/5/2017,969,969.75,958.25,960.200012,946.986023,220316
6/6/2017,965,986.849976,965,979.450012,965.97113,667899
6/7/2017,982.049988,988.700012,945.5,961.5,948.268127,458343
6/8/2017,961.099976,964.700012,949,956.299988,943.139648,609366
6/9/2017,940,952,923.049988,948.650024,935.594971,1029192
6/12/2017,943,966.700012,940,963.799988,950.536438,217456
6/13/2017,959.700012,963,952.349976,958.200012,945.01355,101873
6/14/2017,957,961.950012,951.5,958.650024,945.457397,175692
6/15/2017,955,967,950,952.299988,939.194702,200610
6/16/2017,951.900024,952.900024,936,940.5,927.557129,163456
6/19/2017,938.599976,940.450012,928,929.450012,916.65918,127026
6/20/2017,935,947,934.150024,943.799988,930.811707,148289
6/21/2017,943.5,949,936.5,943.950012,930.959656,92550
6/22/2017,945,968.299988,935.849976,940.299988,927.359863,276952
6/23/2017,940,948.799988,938.549988,943.349976,930.367859,99496
6/27/2017,943.349976,946.950012,924,926.349976,913.601807,168701
6/28/2017,930.299988,932.549988,921.200012,924.400024,911.678711,429702
6/29/2017,927,947.299988,925.299988,929.5,916.708496,184966
6/30/2017,927.349976,937.900024,927,935.650024,922.773865,79652
7/3/2017,935,954,935,951.400024,938.307129,120175
7/4/2017,955,967.799988,949.700012,960.5,947.28186,113219
7/5/2017,955.599976,958.400024,946.650024,951.049988,937.961914,95171
7/6/2017,946,957,944.299988,947.5,934.460815,95135
7/7/2017,945,947,934.400024,936,923.11908,169922
7/10/2017,945,960.450012,940,959.049988,945.851807,1107744
7/11/2017,955,988.900024,955,975.799988,962.371338,273437
7/12/2017,976,980.549988,969.549988,973.799988,960.398865,139213
7/13/2017,973.950012,983.349976,965,976.299988,962.864441,324345
7/14/2017,1000,1006.650024,968,972.049988,958.672913,685437
7/17/2017,973.25,991.200012,973.25,985.349976,971.789856,170335
7/18/2017,984.900024,1004.299988,981.5,985.400024,971.839233,225616
7/19/2017,989,989.400024,970,979.900024,966.414917,162990
7/20/2017,980,980,967.049988,969,955.664917,132110
7/21/2017,971,982.5,971,979.900024,966.414917,120030
7/24/2017,981.099976,993.75,981.099976,991.200012,977.559387,486862
7/25/2017,991,999,986.25,994.150024,980.468811,128162
7/26/2017,996,999,991.099976,993.75,980.074341,1200097
7/27/2017,994,1003.75,968,972.299988,958.919495,205819
7/28/2017,980,1002,963,997.849976,984.117859,447702
7/31/2017,997.849976,1021,987.349976,1011.299988,997.382751,312052
8/1/2017,1007,1016.950012,998.450012,1005,991.169495,80143
8/2/2017,1005,1012,988.200012,992.450012,978.792236,92537
8/3/2017,992.450012,998.799988,981,983.599976,970.063965,76846
8/4/2017,985.200012,988.599976,977.299988,985.349976,971.789856,69895
8/7/2017,982,983.650024,966,968.150024,954.82666,104979
8/8/2017,970,971.049988,955.549988,964.599976,951.325439,104566
8/9/2017,966.25,973.599976,964.549988,969.450012,956.108704,84569
8/10/2017,971.900024,988,970,982.5,968.979126,260085
8/11/2017,977,995.599976,969.549988,987.75,974.15686,154195
8/14/2017,985.150024,987.75,976.299988,979.450012,965.97113,77805
8/16/2017,979.450012,986.099976,970,976.799988,963.357544,90238
8/17/2017,1010,1028.900024,998,1021.150024,1007.09729,532195
8/18/2017,1021.5,1021.5,884.400024,923.099976,910.396545,8157426
8/21/2017,929,929,870,873.5,861.479126,4476699
8/22/2017,892.5,897,861.5,877.150024,865.078979,1967963
8/23/2017,881.099976,904,874.549988,894.5,882.190186,2121468
8/24/2017,907,918.799988,902.349976,912.5,899.942444,1304177
8/28/2017,912.5,953.5,912.5,941.150024,928.198181,1421709
8/29/2017,943.400024,943.400024,926,927.549988,914.785339,603822
8/30/2017,935.099976,939.549988,924,926.650024,913.897766,404166
8/31/2017,928,932.700012,912.700012,915.299988,902.703918,994749
9/1/2017,915.200012,926.200012,910.25,920.099976,907.437866,298495
9/4/2017,921.25,921.75,893.599976,901.299988,888.896545,587084
9/5/2017,903.349976,904.5,897.25,901.099976,888.69928,347416
9/6/2017,899,900,890.25,895.700012,883.373657,439334
9/7/2017,898,900.849976,892.549988,895.549988,883.225708,280332
9/8/2017,896.099976,898,882.25,884.400024,872.229187,459029
9/11/2017,890,892.200012,874,878.549988,866.459656,344077
9/12/2017,881,887.549988,879.049988,883.849976,871.686707,266997
9/13/2017,885,887.75,881,883.549988,871.390869,408963
9/14/2017,886.400024,896.299988,881.599976,892.299988,880.020447,271803
9/15/2017,895,912.25,893,908.599976,896.096069,509060
9/18/2017,910,917.950012,906.5,908.450012,895.948181,277488
9/19/2017,910.099976,915.400024,903.650024,911.299988,898.758972,174702
9/20/2017,915.299988,916,907.549988,912,899.449341,122248
9/21/2017,912.5,915.25,908.450012,909.549988,897.03302,139591
9/22/2017,908.200012,909.900024,888.400024,898.049988,885.691284,204387
9/25/2017,901,902.150024,890,896.650024,884.310608,155594
9/26/2017,896,908.049988,894.5,906.450012,893.975708,522249
9/27/2017,905,907.950012,895.099976,898.650024,886.283081,135494
9/28/2017,898,903.950012,893.049988,895.700012,883.373657,111402
9/29/2017,900,902.25,895.099976,898.75,886.381653,241991
10/3/2017,898.75,911.650024,898.75,903.950012,891.510132,106117
10/4/2017,903.950012,904.950012,897.450012,899.799988,887.417236,99568
10/5/2017,899,905.200012,898.700012,903.099976,890.671814,118312
10/6/2017,906.599976,920.599976,903.049988,919.450012,906.796814,203064
10/9/2017,922,928.599976,914.299988,923.650024,910.939026,120446
10/10/2017,940,945.849976,929.099976,935.599976,922.724548,260520
10/11/2017,936,937.700012,928.150024,930.599976,917.793335,171872
10/12/2017,930,934.650024,920,927.150024,914.390869,335844
10/13/2017,930.049988,934,927.599976,931.900024,919.0755,1228079
10/16/2017,935,942,933.5,939.299988,926.373596,220106
10/17/2017,935,937.400024,930.25,931.450012,918.631653,192483
10/18/2017,929,930,923.25,924.450012,911.728027,185791
10/19/2017,930,933.349976,925.849976,927.099976,914.341492,100767
10/23/2017,927.099976,942.799988,927.099976,939.650024,926.718872,263458
10/24/2017,945,947.5,924,926.75,913.996338,445725
10/25/2017,920,944.150024,915.25,935.400024,922.527344,416050
10/26/2017,940.150024,950.349976,940.150024,947.5,934.460815,527292
10/27/2017,955,957.049988,945,947.450012,934.411499,399399
10/30/2017,954,955,941,944.650024,931.650024,514296
10/31/2017,923.400024,930.349976,920,921.650024,921.650024,212404
11/1/2017,924,928.950012,922,926.25,926.25,117668
11/2/2017,924,926.549988,919.799988,922.900024,922.900024,108104
11/3/2017,922.700012,929.400024,918,926.650024,926.650024,74840
11/6/2017,925,934.849976,922.349976,928.599976,928.599976,122239
11/7/2017,928.5,959.799988,927,955.700012,955.700012,415729
11/8/2017,958.25,961.5,947.299988,951.950012,951.950012,158558
11/9/2017,958.5,962,949.150024,954.599976,954.599976,144503
11/10/2017,954.599976,962.75,950.200012,960.599976,960.599976,97430
11/13/2017,960.599976,968.900024,949.099976,951.799988,951.799988,1275844
11/14/2017,950,954.400024,944,949.450012,949.450012,74616
11/15/2017,947,953.450012,945,951.950012,951.950012,84411
11/16/2017,951.150024,995.450012,948.849976,988.599976,988.599976,645791
11/17/2017,989.799988,989.799988,963,970.950012,970.950012,297180
11/20/2017,969.700012,970,957.349976,961.349976,961.349976,145571
11/21/2017,961.349976,971.549988,959.650024,966.400024,966.400024,101994
11/22/2017,965,970.849976,962.5,966.299988,966.299988,81870
11/23/2017,970,994.349976,969.849976,991.400024,991.400024,311986
11/24/2017,989.099976,1019.200012,989.099976,1009.950012,1009.950012,491269
11/27/2017,1000,1005,994,997.5,997.5,172456
11/28/2017,996.900024,1000.150024,981.5,984.5,984.5,153072
11/29/2017,989,992,981.5,983.299988,983.299988,63584
11/30/2017,989,989.799988,967.349976,974.950012,974.950012,128491
12/1/2017,977.5,983,956.450012,958.5,958.5,143520
12/4/2017,983,996.950012,969.650024,985.299988,985.299988,405001
12/5/2017,986,1002.599976,979.299988,984.400024,984.400024,309135
12/6/2017,984.400024,994,970,990.400024,990.400024,142237
12/7/2017,987.5,1002.150024,982.400024,1000.099976,1000.099976,219237
12/8/2017,1000.099976,1006.849976,996.049988,1001.549988,1001.549988,195292
12/11/2017,997,1005,995,1003.5,1003.5,94057
12/12/2017,1003,1014,1000,1011.099976,1011.099976,161161
12/13/2017,1012,1018,999,1003.450012,1003.450012,141274
12/14/2017,1005.25,1016,1000.049988,1012.450012,1012.450012,123907
12/15/2017,1015,1026,1011,1023.450012,1023.450012,188338
12/18/2017,1015,1029.849976,1005.599976,1015.349976,1015.349976,166471
12/19/2017,1015.349976,1017.5,1000,1004.799988,1004.799988,1739637
12/20/2017,1004.799988,1015,1001.950012,1013.299988,1013.299988,108144
12/21/2017,1013.299988,1028,998.049988,1021.549988,1021.549988,302386
12/22/2017,1019.400024,1044.199951,1016.200012,1038.400024,1038.400024,312947
12/26/2017,1038.400024,1040,1023.099976,1034.349976,1034.349976,1024914
12/27/2017,1029,1038.849976,1025.099976,1034.050049,1034.050049,201241
12/28/2017,1031.900024,1039.900024,1026.099976,1034,1034,168919
12/29/2017,1030,1046.099976,1030,1039.300049,1039.300049,183883
